/register      /login#register  200
/login         /login.html       200
/ /landing-guest.html 200
/imei-check-guest /imei-check-guest.html 200
/imei-check /imei-check.html 200
/dashboard /dashboard.html 200
/add-funds /add-funds.html 200
/order-history /order-history.html 200
/invoices /invoices.html 200
/profile /profile.html 200